keyword,category,search_volume
"finastra payments modernization",Payments,1000
"ISO 20022 migration banking",Payments,800
"real time payments infrastructure",Payments,1200
"SWIFT gpi implementation",Payments,600
"payment orchestration platform",Payments,900
"finastra lending solutions",Lending,800
"digital lending transformation",Lending,1100
"mortgage origination system",Lending,700
"commercial lending platform",Lending,650
"automated underwriting decisions",Lending,750
"finastra universal banking",Universal Banking,900
"core banking modernization",Universal Banking,1300
"composable banking architecture",Universal Banking,500
"open banking APIs",Universal Banking,1400
"cloud banking platform",Universal Banking,1100
"financial services software",Company,2000
"banking technology solutions",Company,1800
"fintech partnerships",Innovation,900
"co-innovation financial services",Innovation,400
"secure by design banking",Security,600
"bank grade security",Security,800
"financial software compliance",Security,700
"customer advisory boards",Customer Experience,300
"digital transformation banking",Transformation,1500
"legacy system modernization",Transformation,1000
"banking API integration",Integration,800
"financial data analytics",Analytics,900
"regulatory compliance banking",Compliance,1100
"syndicated loan processing",Lending,400
"treasury management software",Treasury,600

